{"nodes": [{"neighbors": [19, 21, 25, 30], "x": [0.0, 0.0, 0.0, 0.0, 0.0, 0.0, 0.0, 0.0, 0.0, 0.0, 0.0, 0.0, 0.0, 0.0, 0.0, 0.0, 0.0, 0.0, 0.0, 0.0, 0.0, 0.0, 0.0, 0.0, 0.0, 0.0, 0.0, 0.0, 0.0, 0.0, 0.0, 0.0, 0.0, 0.0, 0.0, 0.0, 0.0, 0.0, 0.0, 0.0, 0.0, 0.0, 0.0, 0.0, 0.0, 0.0, 0.0, 0.0, 0.0, 0.0], "id": 0}, {"neighbors": [9, 23, 18, 28, 30, 26, 16, 14, 25, 20, 27, 6, 19], "x": [0.0, 0.0, 0.06451612710952759, 0.06451612710952759, 0.0, 0.032258063554763794, 0.0, 0.0, 0.0, 0.0, 0.032258063554763794, 0.0, 0.0, 0.06451612710952759, 0.0, 0.032258063554763794, 0.032258063554763794, 0.0, 0.032258063554763794, 0.0, 0.0, 0.0, 0.06451612710952759, 0.0, 0.0, 0.0, 0.032258063554763794, 0.032258063554763794, 0.0, 0.06451612710952759, 0.032258063554763794, 0.032258063554763794, 0.06451612710952759, 0.0, 0.0, 0.032258063554763794, 0.0, 0.0, 0.16129031777381897, 0.0, 0.0, 0.0, 0.032258063554763794, 0.06451612710952759, 0.0, 0.032258063554763794, 0.0, 0.0, 0.0, 0.0], "id": 1}, {"neighbors": [7, 16, 5, 27, 25, 26, 3, 21, 15, 9, 30, 12, 13, 17, 4, 1], "x": [0.0, 0.0, 0.06060606241226196, 0.0, 0.03030303120613098, 0.0, 0.0, 0.0, 0.0, 0.03030303120613098, 0.06060606241226196, 0.0, 0.0, 0.03030303120613098, 0.0, 0.0, 0.06060606241226196, 0.0, 0.0, 0.0, 0.03030303120613098, 0.03030303120613098, 0.06060606241226196, 0.03030303120613098, 0.0, 0.0, 0.03030303120613098, 0.03030303120613098, 0.0, 0.06060606241226196, 0.0, 0.0, 0.0, 0.09090909361839294, 0.03030303120613098, 0.03030303120613098, 0.0, 0.0, 0.0, 0.0, 0.0, 0.03030303120613098, 0.06060606241226196, 0.09090909361839294, 0.0, 0.0, 0.0, 0.03030303120613098, 0.03030303120613098, 0.06060606241226196], "id": 2}, {"neighbors": [4, 30, 21, 1, 11, 19, 6, 25, 24, 7, 28, 12, 2, 13, 14], "x": [0.0, 0.0, 0.025974025949835777, 0.012987012974917889, 0.03896103799343109, 0.012987012974917889, 0.0, 0.025974025949835777, 0.025974025949835777, 0.051948051899671555, 0.025974025949835777, 0.012987012974917889, 0.0, 0.0, 0.012987012974917889, 0.012987012974917889, 0.03896103799343109, 0.03896103799343109, 0.03896103799343109, 0.0, 0.025974025949835777, 0.07792207598686218, 0.03896103799343109, 0.012987012974917889, 0.0, 0.012987012974917889, 0.025974025949835777, 0.012987012974917889, 0.012987012974917889, 0.025974025949835777, 0.012987012974917889, 0.012987012974917889, 0.0, 0.0, 0.012987012974917889, 0.025974025949835777, 0.0, 0.0, 0.03896103799343109, 0.0, 0.0, 0.03896103799343109, 0.025974025949835777, 0.06493506580591202, 0.012987012974917889, 0.025974025949835777, 0.0, 0.025974025949835777, 0.03896103799343109, 0.03896103799343109], "id": 3}, {"neighbors": [17, 12, 22, 7, 2, 21, 16, 29, 6, 30, 10, 24, 13, 15, 3, 26], "x": [0.0476190485060215, 0.0476190485060215, 0.0476190485060215, 0.0476190485060215, 0.0, 0.0, 0.0, 0.0, 0.0476190485060215, 0.1428571492433548, 0.0476190485060215, 0.0, 0.0, 0.0, 0.0476190485060215, 0.0, 0.0, 0.0, 0.0, 0.0, 0.0, 0.0476190485060215, 0.0476190485060215, 0.0, 0.0, 0.0, 0.0476190485060215, 0.0, 0.0, 0.095238097012043, 0.0, 0.0, 0.0, 0.0, 0.0, 0.0476190485060215, 0.0, 0.0, 0.0, 0.0, 0.0, 0.0, 0.095238097012043, 0.0476190485060215, 0.0, 0.0476190485060215, 0.0476190485060215, 0.0, 0.0, 0.0], "id": 4}, {"neighbors": [29, 21, 18, 30, 6, 25, 3], "x": [0.0, 0.0, 0.06060606241226196, 0.12121212482452393, 0.06060606241226196, 0.0, 0.0, 0.03030303120613098, 0.0, 0.03030303120613098, 0.03030303120613098, 0.03030303120613098, 0.0, 0.03030303120613098, 0.0, 0.0, 0.03030303120613098, 0.0, 0.03030303120613098, 0.0, 0.0, 0.06060606241226196, 0.06060606241226196, 0.0, 0.0, 0.0, 0.03030303120613098, 0.0, 0.0, 0.06060606241226196, 0.03030303120613098, 0.0, 0.0, 0.0, 0.0, 0.03030303120613098, 0.0, 0.0, 0.0, 0.03030303120613098, 0.0, 0.06060606241226196, 0.0, 0.03030303120613098, 0.0, 0.03030303120613098, 0.0, 0.06060606241226196, 0.03030303120613098, 0.03030303120613098], "id": 5}, {"neighbors": [16, 28, 13, 30, 14, 18, 29, 23, 9, 11], "x": [0.0, 0.03125, 0.0, 0.09375, 0.09375, 0.0, 0.0, 0.0, 0.0, 0.03125, 0.0, 0.03125, 0.0, 0.0625, 0.0, 0.03125, 0.0625, 0.0, 0.03125, 0.0, 0.0625, 0.03125, 0.0, 0.0, 0.03125, 0.0, 0.0, 0.03125, 0.0, 0.03125, 0.0, 0.0, 0.0, 0.0, 0.0, 0.0, 0.0, 0.0, 0.09375, 0.0, 0.0, 0.0625, 0.0, 0.0625, 0.0625, 0.0625, 0.0, 0.0, 0.0, 0.0], "id": 6}, {"neighbors": [25, 1, 16, 21, 30, 26, 15, 5, 23, 8], "x": [0.0, 0.0, 0.1428571492433548, 0.1428571492433548, 0.0, 0.0, 0.0, 0.0, 0.0, 0.0, 0.0, 0.0, 0.0, 0.0, 0.0, 0.0, 0.0, 0.0, 0.0, 0.0, 0.1428571492433548, 0.0, 0.0, 0.0, 0.0, 0.1428571492433548, 0.0, 0.0, 0.0, 0.0, 0.0, 0.0, 0.0, 0.0, 0.0, 0.0, 0.0, 0.0, 0.0, 0.0, 0.0, 0.1428571492433548, 0.0, 0.1428571492433548, 0.1428571492433548, 0.0, 0.0, 0.0, 0.0, 0.0], "id": 7}, {"neighbors": [6, 26, 30, 11, 29, 25, 9, 15, 13], "x": [0.0, 0.0, 0.05000000074505806, 0.05000000074505806, 0.0, 0.0, 0.0, 0.0, 0.0, 0.0, 0.05000000074505806, 0.05000000074505806, 0.0, 0.0, 0.0, 0.05000000074505806, 0.0, 0.0, 0.10000000149011612, 0.0, 0.0, 0.05000000074505806, 0.10000000149011612, 0.0, 0.05000000074505806, 0.0, 0.0, 0.0, 0.0, 0.05000000074505806, 0.0, 0.0, 0.0, 0.0, 0.0, 0.05000000074505806, 0.0, 0.05000000074505806, 0.05000000074505806, 0.0, 0.0, 0.05000000074505806, 0.0, 0.05000000074505806, 0.0, 0.0, 0.0, 0.10000000149011612, 0.05000000074505806, 0.0], "id": 8}, {"neighbors": [5, 3, 14, 13, 0, 29, 28, 25, 20, 7, 30, 12, 18, 8, 21, 4], "x": [0.01666666753590107, 0.0, 0.0, 0.06666667014360428, 0.0, 0.01666666753590107, 0.0, 0.0, 0.03333333507180214, 0.01666666753590107, 0.0833333358168602, 0.0, 0.0, 0.06666667014360428, 0.01666666753590107, 0.03333333507180214, 0.05000000074505806, 0.03333333507180214, 0.05000000074505806, 0.0, 0.0, 0.0833333358168602, 0.01666666753590107, 0.0, 0.0, 0.0, 0.03333333507180214, 0.01666666753590107, 0.0, 0.05000000074505806, 0.01666666753590107, 0.0, 0.01666666753590107, 0.01666666753590107, 0.01666666753590107, 0.05000000074505806, 0.0, 0.0, 0.06666667014360428, 0.0, 0.0, 0.01666666753590107, 0.0, 0.05000000074505806, 0.0, 0.01666666753590107, 0.0, 0.0, 0.03333333507180214, 0.01666666753590107], "id": 9}, {"neighbors": [30, 3, 16, 26, 27, 13, 15, 25], "x": [0.0, 0.0, 0.0, 0.0, 0.0, 0.0, 0.0, 0.0, 0.0, 0.0, 0.0, 0.0, 0.0, 0.0, 0.20000000298023224, 0.0, 0.0, 0.0, 0.0, 0.0, 0.0, 0.0, 0.6000000238418579, 0.0, 0.0, 0.0, 0.0, 0.0, 0.0, 0.20000000298023224, 0.0, 0.0, 0.0, 0.0, 0.0, 0.0, 0.0, 0.0, 0.0, 0.0, 0.0, 0.0, 0.0, 0.0, 0.0, 0.0, 0.0, 0.0, 0.0, 0.0], "id": 10}, {"neighbors": [29, 14, 25, 26, 18, 19, 23, 21, 1, 13, 28, 9], "x": [0.0, 0.0, 0.09756097197532654, 0.024390242993831635, 0.0, 0.024390242993831635, 0.0, 0.0, 0.0, 0.0, 0.024390242993831635, 0.0, 0.0, 0.024390242993831635, 0.0731707289814949, 0.0, 0.024390242993831635, 0.024390242993831635, 0.09756097197532654, 0.024390242993831635, 0.0, 0.04878048598766327, 0.04878048598766327, 0.0, 0.024390242993831635, 0.0, 0.024390242993831635, 0.024390242993831635, 0.024390242993831635, 0.04878048598766327, 0.024390242993831635, 0.0, 0.0, 0.024390242993831635, 0.0, 0.024390242993831635, 0.0, 0.0, 0.04878048598766327, 0.0, 0.0, 0.04878048598766327, 0.024390242993831635, 0.024390242993831635, 0.0, 0.0731707289814949, 0.0, 0.0, 0.024390242993831635, 0.0], "id": 11}, {"neighbors": [1, 6, 4, 15, 13, 11], "x": [0.0, 0.0, 0.0, 0.0, 0.03448275849223137, 0.0, 0.0, 0.06896551698446274, 0.0, 0.06896551698446274, 0.03448275849223137, 0.03448275849223137, 0.0, 0.0, 0.0, 0.06896551698446274, 0.0, 0.0, 0.0, 0.0, 0.0, 0.03448275849223137, 0.06896551698446274, 0.03448275849223137, 0.0, 0.0, 0.0, 0.0, 0.0, 0.06896551698446274, 0.0, 0.0, 0.03448275849223137, 0.0, 0.0, 0.03448275849223137, 0.0, 0.0, 0.06896551698446274, 0.0, 0.0, 0.0, 0.0, 0.1034482792019844, 0.0, 0.06896551698446274, 0.03448275849223137, 0.03448275849223137, 0.03448275849223137, 0.06896551698446274], "id": 12}, {"neighbors": [18, 23, 15, 3, 11, 16, 9, 7, 30, 21, 25, 14, 28, 29, 5, 4],